METEOFORECASTHOUR_OPENM_Datetime,Выработка. Результирующий расчет
2026-03-31 23:00:00,24.975126
2026-03-31 22:00:00,20.834866
2026-03-31 21:00:00,16.434645
2026-03-31 20:00:00,10.730976
2026-03-31 19:00:00,10.012334
2026-03-31 18:00:00,10.802949
2026-03-31 17:00:00,10.588368
2026-03-31 16:00:00,7.168969
2026-03-31 15:00:00,8.212072
2026-03-31 14:00:00,10.788487
2026-03-31 13:00:00,12.824635
2026-03-31 12:00:00,12.464561
2026-03-31 11:00:00,11.636219
2026-03-31 10:00:00,11.773925
2026-03-31 09:00:00,10.486386
2026-03-31 08:00:00,10.260864
2026-03-31 07:00:00,9.215947
2026-03-31 06:00:00,13.600109
2026-03-31 05:00:00,16.835945
2026-03-31 04:00:00,19.574635
2026-03-31 03:00:00,23.012934
2026-03-31 02:00:00,20.683582
2026-03-31 01:00:00,20.868654
2026-03-31 00:00:00,18.878885
2026-03-30 23:00:00,13.827621
2026-03-30 22:00:00,11.396602
2026-03-30 21:00:00,8.952821
2026-03-30 20:00:00,4.224254
2026-03-30 19:00:00,3.676261
2026-03-30 18:00:00,4.598844
2026-03-30 17:00:00,4.295530
2026-03-30 16:00:00,3.729452
2026-03-30 15:00:00,3.252597
2026-03-30 14:00:00,3.438887
2026-03-30 13:00:00,4.161751
2026-03-30 12:00:00,5.157587
2026-03-30 11:00:00,10.559497
2026-03-30 10:00:00,14.026609
2026-03-30 09:00:00,15.174918
2026-03-30 08:00:00,22.228302
2026-03-30 07:00:00,27.187899
2026-03-30 06:00:00,36.471306
2026-03-30 05:00:00,43.438511
2026-03-30 04:00:00,46.460583
2026-03-30 03:00:00,50.122673
2026-03-30 02:00:00,53.025318
2026-03-30 01:00:00,52.241951
2026-03-30 00:00:00,53.539593
2026-03-29 23:00:00,53.537132
2026-03-29 22:00:00,55.351063
2026-03-29 21:00:00,55.408291
2026-03-29 20:00:00,55.118019
2026-03-29 19:00:00,55.023670
2026-03-29 18:00:00,52.921799
2026-03-29 17:00:00,51.923973
2026-03-29 16:00:00,49.959984
2026-03-29 15:00:00,49.296886
2026-03-29 14:00:00,40.655186
2026-03-29 13:00:00,40.106655
2026-03-29 12:00:00,41.554829
2026-03-29 11:00:00,45.403492
2026-03-29 10:00:00,44.273071
2026-03-29 09:00:00,41.960625
2026-03-29 08:00:00,37.645424
2026-03-29 07:00:00,35.505215
2026-03-29 06:00:00,30.571014
2026-03-29 05:00:00,25.512999
2026-03-29 04:00:00,21.549488
2026-03-29 03:00:00,19.072943
2026-03-29 02:00:00,17.621819
2026-03-29 01:00:00,14.884842
2026-03-29 00:00:00,7.571779
2026-03-28 23:00:00,4.042602
2026-03-28 22:00:00,2.740380
2026-03-28 21:00:00,1.595474
2026-03-28 20:00:00,1.112988
2026-03-28 17:00:00,1.646128
2026-03-28 14:00:00,1.838416
2026-03-28 13:00:00,1.650692
2026-03-28 08:00:00,2.174050
2026-03-28 07:00:00,1.861242
2026-03-28 06:00:00,1.792979
2026-03-28 05:00:00,2.292077
2026-03-28 03:00:00,4.356957
2026-03-28 02:00:00,5.044309
2026-03-28 01:00:00,7.240327
2026-03-28 00:00:00,9.115079
2026-03-27 23:00:00,8.886296
2026-03-27 22:00:00,7.748510
2026-03-27 21:00:00,7.595285
2026-03-27 20:00:00,7.063021
2026-03-27 19:00:00,8.872264
2026-03-27 18:00:00,9.368682
2026-03-27 17:00:00,8.566016
2026-03-27 16:00:00,8.523499
2026-03-27 15:00:00,5.334770
2026-03-27 14:00:00,4.248241
2026-03-27 13:00:00,3.365503
2026-03-27 12:00:00,2.651950
2026-03-27 11:00:00,1.696168
2026-03-27 07:00:00,1.140069
2026-03-27 06:00:00,1.366023
2026-03-27 05:00:00,1.468901
2026-03-27 04:00:00,0.996924
2026-03-27 03:00:00,0.823388
2026-03-27 02:00:00,1.509016
2026-03-27 01:00:00,1.812734
2026-03-27 00:00:00,2.383573
2026-03-26 23:00:00,4.142028
2026-03-26 22:00:00,5.325282
2026-03-26 21:00:00,7.109671
2026-03-26 20:00:00,9.452810
2026-03-26 19:00:00,10.358007
2026-03-26 18:00:00,11.273461
2026-03-26 17:00:00,11.850616
2026-03-26 16:00:00,12.453279
2026-03-26 15:00:00,12.851685
2026-03-26 14:00:00,15.067863
2026-03-26 13:00:00,16.047943
2026-03-26 12:00:00,17.458548
2026-03-26 11:00:00,23.453016
2026-03-26 10:00:00,27.699482
2026-03-26 09:00:00,31.115561
2026-03-26 08:00:00,38.950966
2026-03-26 07:00:00,41.358860
2026-03-26 06:00:00,43.946587
2026-03-26 05:00:00,45.902187
2026-03-26 04:00:00,45.735931
2026-03-26 03:00:00,46.782478
2026-03-26 02:00:00,49.827507
2026-03-26 01:00:00,51.692284
2026-03-26 00:00:00,51.938747
2026-03-25 23:00:00,52.961998
2026-03-25 22:00:00,51.041813
2026-03-25 21:00:00,40.640236
2026-03-25 20:00:00,38.490688
2026-03-25 19:00:00,33.584717
2026-03-25 18:00:00,32.622791
2026-03-25 17:00:00,33.389397
2026-03-25 16:00:00,33.727932
2026-03-25 15:00:00,35.251522
2026-03-25 14:00:00,42.155033
2026-03-25 13:00:00,40.826542
2026-03-25 12:00:00,37.910236
2026-03-25 11:00:00,37.879715
2026-03-25 10:00:00,40.226391
2026-03-25 09:00:00,35.885632
2026-03-25 08:00:00,36.275017
2026-03-25 07:00:00,36.997971
2026-03-25 06:00:00,35.910789
2026-03-25 05:00:00,36.114635
2026-03-25 04:00:00,35.517658
2026-03-25 03:00:00,36.316521
2026-03-25 02:00:00,35.740078
2026-03-25 01:00:00,34.624969
2026-03-25 00:00:00,38.394974
2026-03-24 23:00:00,41.386211
2026-03-24 22:00:00,45.248161
2026-03-24 21:00:00,45.112255
2026-03-24 20:00:00,42.657955
2026-03-24 19:00:00,40.749126
2026-03-24 18:00:00,37.750923
2026-03-24 17:00:00,32.422825
2026-03-24 16:00:00,29.454082
2026-03-24 15:00:00,25.460058
2026-03-24 14:00:00,21.506548
2026-03-24 13:00:00,16.448524
2026-03-24 12:00:00,17.079449
2026-03-24 11:00:00,16.594578
2026-03-24 10:00:00,22.303001
2026-03-24 09:00:00,23.830168
2026-03-24 08:00:00,27.858376
2026-03-24 07:00:00,30.561041
2026-03-24 06:00:00,30.843401
2026-03-24 05:00:00,32.563408
2026-03-24 04:00:00,32.634045
2026-03-24 03:00:00,31.616222
2026-03-24 02:00:00,29.037403
2026-03-24 01:00:00,29.184437
2026-03-24 00:00:00,31.777731
2026-03-23 23:00:00,37.860092
2026-03-23 22:00:00,47.012146
2026-03-23 21:00:00,51.932304
2026-03-23 20:00:00,53.559532
2026-03-23 19:00:00,48.638882
2026-03-23 18:00:00,49.565662
2026-03-23 17:00:00,52.565186
2026-03-23 16:00:00,57.468853
2026-03-23 15:00:00,60.470688
2026-03-23 14:00:00,62.420959
2026-03-23 13:00:00,61.774673
2026-03-23 12:00:00,60.806229
2026-03-23 11:00:00,63.139034
2026-03-23 10:00:00,62.125423
2026-03-23 09:00:00,61.574093
2026-03-23 08:00:00,63.407471
2026-03-23 07:00:00,66.896675
2026-03-23 06:00:00,68.148102
2026-03-23 05:00:00,70.241127
2026-03-23 04:00:00,72.515495
2026-03-23 03:00:00,73.956772
2026-03-23 02:00:00,73.562469
2026-03-23 01:00:00,74.709778
2026-03-23 00:00:00,76.151047
2026-03-22 23:00:00,76.505943
2026-03-22 22:00:00,76.414047
2026-03-22 21:00:00,76.637856
2026-03-22 20:00:00,76.689194
2026-03-22 19:00:00,75.546555
2026-03-22 18:00:00,75.224251
2026-03-22 17:00:00,75.101982
2026-03-22 16:00:00,75.427284
2026-03-22 15:00:00,75.312294
2026-03-22 14:00:00,75.494202
2026-03-22 13:00:00,74.621811
2026-03-22 12:00:00,73.869087
2026-03-22 11:00:00,73.018372
2026-03-22 10:00:00,71.115318
2026-03-22 09:00:00,69.947853
2026-03-22 08:00:00,69.967865
2026-03-22 07:00:00,70.824928
2026-03-22 06:00:00,73.231689
2026-03-22 05:00:00,74.211952
2026-03-22 04:00:00,74.685806
2026-03-22 03:00:00,74.873924
2026-03-22 02:00:00,74.634827
2026-03-22 01:00:00,74.426506
2026-03-22 00:00:00,74.876732
2026-03-21 23:00:00,73.955284
2026-03-21 22:00:00,71.111572
2026-03-21 21:00:00,65.480606
2026-03-21 20:00:00,56.916004
2026-03-21 19:00:00,48.592644
2026-03-21 18:00:00,42.790787
2026-03-21 17:00:00,45.006119
2026-03-21 16:00:00,50.651634
2026-03-21 15:00:00,54.154114
2026-03-21 14:00:00,58.812408
2026-03-21 13:00:00,62.925308
2026-03-21 12:00:00,65.739807
2026-03-21 11:00:00,67.169159
2026-03-21 10:00:00,68.190094
2026-03-21 09:00:00,68.494171
2026-03-21 08:00:00,68.226410
2026-03-21 07:00:00,68.000893
2026-03-21 06:00:00,68.931183
2026-03-21 05:00:00,68.952698
2026-03-21 04:00:00,68.994316
2026-03-21 03:00:00,71.126778
2026-03-21 02:00:00,71.528206
2026-03-21 01:00:00,73.552795
2026-03-21 00:00:00,73.798035
2026-03-20 23:00:00,73.823143
2026-03-20 22:00:00,74.733208
2026-03-20 21:00:00,73.398735
2026-03-20 20:00:00,71.586021
2026-03-20 19:00:00,68.401535
2026-03-20 18:00:00,65.471527
2026-03-20 17:00:00,60.919811
2026-03-20 16:00:00,62.249542
2026-03-20 15:00:00,63.836620
2026-03-20 14:00:00,66.748199
2026-03-20 13:00:00,66.513603
2026-03-20 12:00:00,66.291641
2026-03-20 11:00:00,64.893829
2026-03-20 10:00:00,63.275997
2026-03-20 09:00:00,64.242798
2026-03-20 08:00:00,63.903732
2026-03-20 07:00:00,64.376457
2026-03-20 06:00:00,66.000702
2026-03-20 05:00:00,67.104584
2026-03-20 04:00:00,67.438309
2026-03-20 03:00:00,66.541679
2026-03-20 02:00:00,65.385124
2026-03-20 01:00:00,65.711945
2026-03-20 00:00:00,66.862411
2026-03-19 23:00:00,68.108299
2026-03-19 22:00:00,68.859978
2026-03-19 21:00:00,71.612747
2026-03-19 20:00:00,71.442993
2026-03-19 19:00:00,66.618996
2026-03-19 18:00:00,60.216064
2026-03-19 17:00:00,60.547073
2026-03-19 16:00:00,53.690517
2026-03-19 15:00:00,54.676250
2026-03-19 14:00:00,53.404160
2026-03-19 13:00:00,57.688614
2026-03-19 12:00:00,60.026669
2026-03-19 11:00:00,56.997643
2026-03-19 10:00:00,58.058182
2026-03-19 09:00:00,50.898499
2026-03-19 08:00:00,48.838623
2026-03-19 07:00:00,51.939106
2026-03-19 06:00:00,52.432182
2026-03-19 05:00:00,48.138222
2026-03-19 04:00:00,46.965935
2026-03-19 03:00:00,45.468224
2026-03-19 02:00:00,41.302647
2026-03-19 01:00:00,34.885830
2026-03-19 00:00:00,25.670126
2026-03-18 23:00:00,24.558485
2026-03-18 22:00:00,20.319542
2026-03-18 21:00:00,9.595982
2026-03-18 20:00:00,5.145930
2026-03-18 19:00:00,3.455657
2026-03-18 18:00:00,1.725026
2026-03-18 17:00:00,1.301473
2026-03-18 16:00:00,1.051314
2026-03-18 15:00:00,1.124711
2026-03-18 14:00:00,1.700301
2026-03-18 11:00:00,1.591266
2026-03-18 07:00:00,2.048507
2026-03-18 06:00:00,2.346088
2026-03-18 05:00:00,2.167851
2026-03-18 04:00:00,2.113337
2026-03-18 03:00:00,2.110357
2026-03-18 02:00:00,2.053649
2026-03-18 01:00:00,2.244985
2026-03-18 00:00:00,3.227311
2026-03-17 23:00:00,3.074405
2026-03-17 22:00:00,3.004488
2026-03-17 21:00:00,2.730424
2026-03-17 20:00:00,2.054333
2026-03-17 19:00:00,1.865638
2026-03-17 18:00:00,2.036151
2026-03-17 17:00:00,1.843063
2026-03-17 16:00:00,1.534596
2026-03-17 15:00:00,1.696593
2026-03-17 14:00:00,2.232707
2026-03-17 13:00:00,0.847689
2026-03-17 12:00:00,1.461870
2026-03-17 11:00:00,3.531786
2026-03-17 10:00:00,3.513856
2026-03-17 09:00:00,4.789688
2026-03-17 08:00:00,7.331408
2026-03-17 07:00:00,8.839048
2026-03-17 06:00:00,11.724440
2026-03-17 05:00:00,16.530872
2026-03-17 04:00:00,21.991732
2026-03-17 03:00:00,26.109644
2026-03-17 02:00:00,31.019882
2026-03-17 01:00:00,36.910465
2026-03-17 00:00:00,44.942623
2026-03-16 23:00:00,49.756058
2026-03-16 22:00:00,53.907280
2026-03-16 21:00:00,44.284626
2026-03-16 20:00:00,19.524210
2026-03-16 19:00:00,18.016630
2026-03-16 18:00:00,14.438745
2026-03-16 17:00:00,9.473435
2026-03-16 16:00:00,12.384202
2026-03-16 15:00:00,15.779784
2026-03-16 14:00:00,20.941986
2026-03-16 13:00:00,23.599369
2026-03-16 12:00:00,27.353573
2026-03-16 11:00:00,34.724262
2026-03-16 10:00:00,42.643456
2026-03-16 09:00:00,48.518490
2026-03-16 08:00:00,55.630795
2026-03-16 07:00:00,59.517208
2026-03-16 06:00:00,62.029285
2026-03-16 05:00:00,65.515228
2026-03-16 04:00:00,69.019196
2026-03-16 03:00:00,71.358658
2026-03-16 02:00:00,74.753990
2026-03-16 01:00:00,76.367699
2026-03-16 00:00:00,77.656876
2026-03-15 23:00:00,78.662621
2026-03-15 22:00:00,78.993797
2026-03-15 21:00:00,78.774567
2026-03-15 20:00:00,78.887909
2026-03-15 19:00:00,78.820679
2026-03-15 18:00:00,79.011314
2026-03-15 17:00:00,79.141602
2026-03-15 16:00:00,78.795364
2026-03-15 15:00:00,78.302299
2026-03-15 14:00:00,78.558746
2026-03-15 13:00:00,78.448647
2026-03-15 12:00:00,77.969704
2026-03-15 11:00:00,76.986511
2026-03-15 10:00:00,76.188271
2026-03-15 09:00:00,76.200279
2026-03-15 08:00:00,76.827911
2026-03-15 07:00:00,77.213684
2026-03-15 06:00:00,77.308693
2026-03-15 05:00:00,77.777924
2026-03-15 04:00:00,77.787987
2026-03-15 03:00:00,77.984451
2026-03-15 02:00:00,78.313080
2026-03-15 01:00:00,78.596390
2026-03-15 00:00:00,78.880928
2026-03-14 23:00:00,79.010315
2026-03-14 22:00:00,78.663391
2026-03-14 21:00:00,77.924500
2026-03-14 20:00:00,78.037163
2026-03-14 19:00:00,77.585426
2026-03-14 18:00:00,77.747696
2026-03-14 17:00:00,77.942711
2026-03-14 16:00:00,77.039032
2026-03-14 15:00:00,76.403381
2026-03-14 14:00:00,75.568275
2026-03-14 13:00:00,74.965813
2026-03-14 12:00:00,73.397919
2026-03-14 11:00:00,71.529762
2026-03-14 10:00:00,69.003967
2026-03-14 09:00:00,66.633217
2026-03-14 08:00:00,65.513367
2026-03-14 07:00:00,66.615921
2026-03-14 06:00:00,69.985489
2026-03-14 05:00:00,70.793770
2026-03-14 04:00:00,71.337593
2026-03-14 03:00:00,71.378708
2026-03-14 02:00:00,71.085381
2026-03-14 01:00:00,69.294258
2026-03-14 00:00:00,68.775337
2026-03-13 23:00:00,70.900909
2026-03-13 22:00:00,71.255096
2026-03-13 21:00:00,73.141937
2026-03-13 20:00:00,75.293472
2026-03-13 19:00:00,74.865028
2026-03-13 18:00:00,74.518547
2026-03-13 17:00:00,74.670013
2026-03-13 16:00:00,73.809967
2026-03-13 15:00:00,72.921158
2026-03-13 14:00:00,71.496063
2026-03-13 13:00:00,67.442337
2026-03-13 12:00:00,65.396652
2026-03-13 11:00:00,60.793106
2026-03-13 10:00:00,58.719345
2026-03-13 09:00:00,54.422745
2026-03-13 08:00:00,56.692844
2026-03-13 07:00:00,59.056465
2026-03-13 06:00:00,62.043537
2026-03-13 05:00:00,65.717911
2026-03-13 04:00:00,66.242348
2026-03-13 03:00:00,66.704964
2026-03-13 02:00:00,64.684273
2026-03-13 01:00:00,62.185345
2026-03-13 00:00:00,56.574791
2026-03-12 23:00:00,58.458790
2026-03-12 22:00:00,61.749622
2026-03-12 21:00:00,62.711506
2026-03-12 20:00:00,63.571159
2026-03-12 19:00:00,61.956455
2026-03-12 18:00:00,58.105385
2026-03-12 17:00:00,57.970226
2026-03-12 16:00:00,53.455437
2026-03-12 15:00:00,48.782578
2026-03-12 14:00:00,43.574642
2026-03-12 13:00:00,36.203094
2026-03-12 12:00:00,29.325792
2026-03-12 11:00:00,25.415508
2026-03-12 10:00:00,24.313246
2026-03-12 09:00:00,31.112923
2026-03-12 08:00:00,34.525208
2026-03-12 07:00:00,37.188656
2026-03-12 06:00:00,34.655270
2026-03-12 05:00:00,32.772053
2026-03-12 04:00:00,32.411858
2026-03-12 03:00:00,33.163403
2026-03-12 02:00:00,41.275467
2026-03-12 01:00:00,43.041676
2026-03-12 00:00:00,42.376110
2026-03-11 23:00:00,44.846085
2026-03-11 22:00:00,41.593216
2026-03-11 21:00:00,37.132473
2026-03-11 20:00:00,29.314791
2026-03-11 19:00:00,23.681732
2026-03-11 18:00:00,17.907303
2026-03-11 17:00:00,9.206783
2026-03-11 16:00:00,3.822347
2026-03-11 15:00:00,1.673292
2026-03-11 14:00:00,1.126402
2026-03-11 10:00:00,1.144678
2026-03-11 09:00:00,1.118414
2026-03-11 08:00:00,1.681441
2026-03-11 07:00:00,1.670034
2026-03-11 06:00:00,1.525219
2026-03-11 05:00:00,2.031559
2026-03-11 04:00:00,2.495058
2026-03-11 03:00:00,4.281890
2026-03-11 02:00:00,5.828170
2026-03-11 01:00:00,8.761746
2026-03-11 00:00:00,13.549467
2026-03-10 23:00:00,15.195685
2026-03-10 22:00:00,17.159632
2026-03-10 21:00:00,19.982018
2026-03-10 20:00:00,22.791903
2026-03-10 19:00:00,19.610233
2026-03-10 18:00:00,16.454765
2026-03-10 17:00:00,12.139281
2026-03-10 16:00:00,8.941896
2026-03-10 15:00:00,8.798163
2026-03-10 14:00:00,5.920844
2026-03-10 13:00:00,5.332366
2026-03-10 12:00:00,3.829423
2026-03-10 11:00:00,3.873449
2026-03-10 10:00:00,4.664490
2026-03-10 09:00:00,4.857358
2026-03-10 08:00:00,5.184200
2026-03-10 07:00:00,7.250478
2026-03-10 06:00:00,8.590119
2026-03-10 05:00:00,12.479791
2026-03-10 04:00:00,17.572212
2026-03-10 03:00:00,20.580744
2026-03-10 02:00:00,24.904680
2026-03-10 01:00:00,24.039381
2026-03-10 00:00:00,19.281458
2026-03-09 23:00:00,13.246703
2026-03-09 22:00:00,6.788150
2026-03-09 21:00:00,2.940773
2026-03-09 20:00:00,1.868059
2026-03-09 19:00:00,1.182743
2026-03-09 17:00:00,1.035117
2026-03-09 13:00:00,1.072934
2026-03-09 12:00:00,0.983103
2026-03-09 11:00:00,2.058894
2026-03-09 10:00:00,2.574526
2026-03-09 09:00:00,4.872458
2026-03-09 08:00:00,6.740487
2026-03-09 07:00:00,10.681063
2026-03-09 06:00:00,13.202808
2026-03-09 05:00:00,20.377943
2026-03-09 04:00:00,24.701185
2026-03-09 03:00:00,31.299843
2026-03-09 02:00:00,41.694553
2026-03-09 01:00:00,46.210911
2026-03-09 00:00:00,39.907570
2026-03-08 23:00:00,36.462074
2026-03-08 22:00:00,30.851383
2026-03-08 21:00:00,28.401094
2026-03-08 20:00:00,27.552225
2026-03-08 19:00:00,30.051996
2026-03-08 18:00:00,32.765144
2026-03-08 17:00:00,30.859798
2026-03-08 16:00:00,30.101559
2026-03-08 15:00:00,30.105614
2026-03-08 14:00:00,30.152096
2026-03-08 13:00:00,31.079481
2026-03-08 12:00:00,32.392403
2026-03-08 11:00:00,30.264925
2026-03-08 10:00:00,26.517813
2026-03-08 09:00:00,27.164997
2026-03-08 08:00:00,27.436758
2026-03-08 07:00:00,28.865210
2026-03-08 06:00:00,31.527487
2026-03-08 05:00:00,33.221241
2026-03-08 04:00:00,33.558990
2026-03-08 03:00:00,35.188602
2026-03-08 02:00:00,35.589676
2026-03-08 01:00:00,33.631123
2026-03-08 00:00:00,32.423401
2026-03-07 23:00:00,29.918554
2026-03-07 22:00:00,20.403625
2026-03-07 21:00:00,11.917587
2026-03-07 20:00:00,4.756032
2026-03-07 19:00:00,2.748116
2026-03-07 18:00:00,1.563964
2026-03-07 15:00:00,0.160664
2026-03-07 14:00:00,0.778118
2026-03-07 13:00:00,0.976415
2026-03-07 12:00:00,2.456851
2026-03-07 11:00:00,4.535873
2026-03-07 10:00:00,7.490043
2026-03-07 09:00:00,11.204165
2026-03-07 08:00:00,13.544428
2026-03-07 07:00:00,13.661738
2026-03-07 06:00:00,11.099384
2026-03-07 05:00:00,11.998462
2026-03-07 04:00:00,14.896081
2026-03-07 03:00:00,19.602371
2026-03-07 02:00:00,23.137638
2026-03-07 01:00:00,32.422462
2026-03-07 00:00:00,38.031521
2026-03-06 23:00:00,38.667862
2026-03-06 22:00:00,44.180618
2026-03-06 21:00:00,22.299843
2026-03-06 20:00:00,14.271379
2026-03-06 19:00:00,11.068624
2026-03-06 18:00:00,5.620962
2026-03-06 17:00:00,2.907127
2026-03-06 16:00:00,3.592955
2026-03-06 15:00:00,6.162156
2026-03-06 14:00:00,7.263385
2026-03-06 13:00:00,9.928308
2026-03-06 12:00:00,12.109492
2026-03-06 11:00:00,12.019673
2026-03-06 10:00:00,11.973952
2026-03-06 09:00:00,12.660561
2026-03-06 08:00:00,15.621763
2026-03-06 07:00:00,16.919006
2026-03-06 06:00:00,22.395720
2026-03-06 05:00:00,26.636543
2026-03-06 04:00:00,34.003437
2026-03-06 03:00:00,42.373405
2026-03-06 02:00:00,42.471745
2026-03-06 01:00:00,43.540154
2026-03-06 00:00:00,46.144352
2026-03-05 23:00:00,53.287552
2026-03-05 22:00:00,61.042995
2026-03-05 21:00:00,66.074226
2026-03-05 20:00:00,69.306763
2026-03-05 19:00:00,71.435928
2026-03-05 18:00:00,72.843369
2026-03-05 17:00:00,73.618156
2026-03-05 16:00:00,74.828560
2026-03-05 15:00:00,76.306480
2026-03-05 14:00:00,77.158142
2026-03-05 13:00:00,77.806175
2026-03-05 12:00:00,78.074791
2026-03-05 11:00:00,77.845680
2026-03-05 10:00:00,78.485245
2026-03-05 09:00:00,79.191971
2026-03-05 08:00:00,79.258675
2026-03-05 07:00:00,79.549377
2026-03-05 06:00:00,79.695000
2026-03-05 05:00:00,79.611702
2026-03-05 04:00:00,79.308167
2026-03-05 03:00:00,78.285866
2026-03-05 02:00:00,77.175522
2026-03-05 01:00:00,74.385979
2026-03-05 00:00:00,72.575546
2026-03-04 23:00:00,70.053001
2026-03-04 22:00:00,67.349510
2026-03-04 21:00:00,64.548317
2026-03-04 20:00:00,61.544991
2026-03-04 19:00:00,56.615196
2026-03-04 18:00:00,53.535904
2026-03-04 17:00:00,49.094707
2026-03-04 16:00:00,42.684235
2026-03-04 15:00:00,32.328007
2026-03-04 14:00:00,24.065416
2026-03-04 13:00:00,18.900173
2026-03-04 12:00:00,17.813959
2026-03-04 11:00:00,17.972858
2026-03-04 10:00:00,17.213564
2026-03-04 09:00:00,17.985672
2026-03-04 08:00:00,19.813005
2026-03-04 07:00:00,24.016485
2026-03-04 06:00:00,28.659584
2026-03-04 05:00:00,28.814796
2026-03-04 04:00:00,27.267916
2026-03-04 03:00:00,25.049990
2026-03-04 02:00:00,32.843731
2026-03-04 01:00:00,33.631641
2026-03-04 00:00:00,33.031269
2026-03-03 23:00:00,42.529518
2026-03-03 22:00:00,40.381535
2026-03-03 21:00:00,40.860699
2026-03-03 20:00:00,39.176319
2026-03-03 19:00:00,39.304367
2026-03-03 18:00:00,48.251141
2026-03-03 17:00:00,54.991596
2026-03-03 16:00:00,55.921566
2026-03-03 15:00:00,48.728882
2026-03-03 14:00:00,48.091202
2026-03-03 13:00:00,47.626835
2026-03-03 12:00:00,40.568748
2026-03-03 11:00:00,31.576910
2026-03-03 10:00:00,27.264009
2026-03-03 09:00:00,21.264994
2026-03-03 08:00:00,17.516590
2026-03-03 07:00:00,19.036928
2026-03-03 06:00:00,21.826542
2026-03-03 05:00:00,28.385000
2026-03-03 04:00:00,39.787144
2026-03-03 03:00:00,54.619621
2026-03-03 02:00:00,62.120060
2026-03-03 01:00:00,67.093193
2026-03-03 00:00:00,71.097122
2026-03-02 23:00:00,73.795723
2026-03-02 22:00:00,74.801514
2026-03-02 21:00:00,75.094467
2026-03-02 20:00:00,75.209602
2026-03-02 19:00:00,74.109001
2026-03-02 18:00:00,70.967529
2026-03-02 17:00:00,65.641266
2026-03-02 16:00:00,53.108967
2026-03-02 15:00:00,44.892399
2026-03-02 14:00:00,31.803690
2026-03-02 13:00:00,22.246130
2026-03-02 12:00:00,13.537663
2026-03-02 11:00:00,6.467676
2026-03-02 10:00:00,3.956505
2026-03-02 09:00:00,2.753007
2026-03-02 08:00:00,1.953328
2026-03-02 06:00:00,1.270289
2026-03-02 05:00:00,1.485617
2026-03-02 04:00:00,2.454947
2026-03-02 03:00:00,4.273598
2026-03-02 02:00:00,7.138229
2026-03-02 01:00:00,11.476431
2026-03-02 00:00:00,16.472361
2026-03-01 23:00:00,20.814381
2026-03-01 22:00:00,23.908272
2026-03-01 21:00:00,29.038483
2026-03-01 20:00:00,40.177826
2026-03-01 19:00:00,39.031876
2026-03-01 18:00:00,35.889172
2026-03-01 17:00:00,32.503792
2026-03-01 16:00:00,28.431063
2026-03-01 15:00:00,19.215128
2026-03-01 14:00:00,11.967096
2026-03-01 13:00:00,5.127817
2026-03-01 12:00:00,3.077678
2026-03-01 11:00:00,1.761816
2026-03-01 10:00:00,1.262893
2026-03-01 07:00:00,0.744680
2026-03-01 05:00:00,1.570498
2026-03-01 02:00:00,5.207848
2026-03-01 01:00:00,6.939570
2026-03-01 00:00:00,12.133522
2026-02-28 23:00:00,17.674463
2026-02-28 22:00:00,20.848778
2026-02-28 21:00:00,26.353962
2026-02-28 20:00:00,31.410540
2026-02-28 19:00:00,34.404224
2026-02-28 18:00:00,37.865921
2026-02-28 17:00:00,41.201935
2026-02-28 16:00:00,39.640461
2026-02-28 15:00:00,40.921249
2026-02-28 14:00:00,40.577988
2026-02-28 13:00:00,43.279320
2026-02-28 12:00:00,46.534458
2026-02-28 11:00:00,50.944656
2026-02-28 10:00:00,50.868504
2026-02-28 09:00:00,51.954399
2026-02-28 08:00:00,57.469742
2026-02-28 07:00:00,58.303391
2026-02-28 06:00:00,58.985210
2026-02-28 05:00:00,59.682369
2026-02-28 04:00:00,59.402618
2026-02-28 03:00:00,59.778515
2026-02-28 02:00:00,60.864727
2026-02-28 01:00:00,62.105080
2026-02-28 00:00:00,63.872646
2026-02-27 23:00:00,64.527008
2026-02-27 22:00:00,68.052391
2026-02-27 21:00:00,69.281464
2026-02-27 20:00:00,68.897209
2026-02-27 19:00:00,69.028015
2026-02-27 18:00:00,68.246086
2026-02-27 17:00:00,67.518608
2026-02-27 16:00:00,67.636810
2026-02-27 15:00:00,68.518997
2026-02-27 14:00:00,69.368576
2026-02-27 13:00:00,68.991379
2026-02-27 12:00:00,69.211082
2026-02-27 11:00:00,69.629089
2026-02-27 10:00:00,68.522408
2026-02-27 09:00:00,64.642967
2026-02-27 08:00:00,61.233822
2026-02-27 07:00:00,58.280060
2026-02-27 06:00:00,58.299717
2026-02-27 05:00:00,56.781616
2026-02-27 04:00:00,56.145355
2026-02-27 03:00:00,53.303875
2026-02-27 02:00:00,59.675591
2026-02-27 01:00:00,62.147209
2026-02-27 00:00:00,62.433041
2026-02-26 23:00:00,64.145264
2026-02-26 22:00:00,63.834492
2026-02-26 21:00:00,63.544086
2026-02-26 20:00:00,63.784817
2026-02-26 19:00:00,59.551155
2026-02-26 18:00:00,53.440430
2026-02-26 17:00:00,46.025696
2026-02-26 16:00:00,27.736750
2026-02-26 15:00:00,22.447208
2026-02-26 14:00:00,21.536467
2026-02-26 13:00:00,18.462770
2026-02-26 12:00:00,16.604834
2026-02-26 11:00:00,17.551411
2026-02-26 10:00:00,17.832211
2026-02-26 09:00:00,20.822498
2026-02-26 08:00:00,25.210218
2026-02-26 07:00:00,27.280649
2026-02-26 06:00:00,29.395548
2026-02-26 05:00:00,36.548553
2026-02-26 04:00:00,37.890648
2026-02-26 03:00:00,42.957500
2026-02-26 02:00:00,50.555798
2026-02-26 01:00:00,56.374878
2026-02-26 00:00:00,61.884415
2026-02-25 23:00:00,64.850632
2026-02-25 22:00:00,66.380692
2026-02-25 21:00:00,64.066948
2026-02-25 20:00:00,58.591877
2026-02-25 19:00:00,49.935360
2026-02-25 18:00:00,37.432831
2026-02-25 17:00:00,25.799417
2026-02-25 16:00:00,14.263687
2026-02-25 15:00:00,9.320415
2026-02-25 14:00:00,5.357501
2026-02-25 13:00:00,5.866427
2026-02-25 12:00:00,2.001127
2026-02-25 11:00:00,5.126350
2026-02-25 10:00:00,6.944003
2026-02-25 09:00:00,6.511835
2026-02-25 08:00:00,9.210197
2026-02-25 07:00:00,9.888830
2026-02-25 06:00:00,11.791148
2026-02-25 05:00:00,16.042820
2026-02-25 04:00:00,26.823915
2026-02-25 03:00:00,40.406719
2026-02-25 02:00:00,50.000954
2026-02-25 01:00:00,52.714577
2026-02-25 00:00:00,52.361198
2026-02-24 23:00:00,46.737053
2026-02-24 22:00:00,34.259773
2026-02-24 21:00:00,33.155544
2026-02-24 20:00:00,25.816011
2026-02-24 19:00:00,17.378933
2026-02-24 18:00:00,10.299043
2026-02-24 17:00:00,6.076469
2026-02-24 16:00:00,7.142644
2026-02-24 15:00:00,9.250065
2026-02-24 14:00:00,13.523586
2026-02-24 13:00:00,11.465912
2026-02-24 12:00:00,9.826542
2026-02-24 11:00:00,8.630814
2026-02-24 10:00:00,6.726401
2026-02-24 09:00:00,7.747488
2026-02-24 08:00:00,6.365029
2026-02-24 07:00:00,4.565328
2026-02-24 06:00:00,3.442641
2026-02-24 05:00:00,3.508003
2026-02-24 04:00:00,3.440610
2026-02-24 03:00:00,3.330003
2026-02-24 02:00:00,2.429678
2026-02-24 01:00:00,3.205599
2026-02-24 00:00:00,2.238749
2026-02-23 23:00:00,1.805007
2026-02-23 22:00:00,2.201177
2026-02-23 21:00:00,2.258856
2026-02-23 20:00:00,1.833761
2026-02-23 19:00:00,2.033979
2026-02-23 18:00:00,1.878586
2026-02-23 17:00:00,1.480958
2026-02-23 16:00:00,1.800396
2026-02-23 15:00:00,1.862440
2026-02-23 14:00:00,1.870794
2026-02-23 13:00:00,1.981669
2026-02-23 12:00:00,2.012215
2026-02-23 11:00:00,3.082668
2026-02-23 10:00:00,4.244890
2026-02-23 09:00:00,7.458810
2026-02-23 08:00:00,12.805305
2026-02-23 07:00:00,16.361639
2026-02-23 06:00:00,22.109943
2026-02-23 05:00:00,28.687838
2026-02-23 04:00:00,33.971439
2026-02-23 03:00:00,38.086742
2026-02-23 02:00:00,43.537071
2026-02-23 01:00:00,47.384300
2026-02-23 00:00:00,51.906788
2026-02-22 23:00:00,58.907101
2026-02-22 22:00:00,66.777779
2026-02-22 21:00:00,70.039879
2026-02-22 20:00:00,72.262032
2026-02-22 19:00:00,73.743019
2026-02-22 18:00:00,74.476715
2026-02-22 17:00:00,75.829948
2026-02-22 16:00:00,76.230003
2026-02-22 15:00:00,75.824394
2026-02-22 14:00:00,75.716103
2026-02-22 13:00:00,74.701187
2026-02-22 12:00:00,73.836098
2026-02-22 11:00:00,72.521400
2026-02-22 10:00:00,71.892776
2026-02-22 09:00:00,71.876060
2026-02-22 08:00:00,72.024078
2026-02-22 07:00:00,71.751358
2026-02-22 06:00:00,71.083992
2026-02-22 05:00:00,71.846489
2026-02-22 04:00:00,71.121422
2026-02-22 03:00:00,70.809647
2026-02-22 02:00:00,70.905563
2026-02-22 01:00:00,70.648445
2026-02-22 00:00:00,69.132492
2026-02-21 23:00:00,68.517303
2026-02-21 22:00:00,67.340057
2026-02-21 21:00:00,63.063065
2026-02-21 20:00:00,60.481834
2026-02-21 19:00:00,58.547565
2026-02-21 18:00:00,54.838402
2026-02-21 17:00:00,56.536938
2026-02-21 16:00:00,49.837307
2026-02-21 15:00:00,40.604027
2026-02-21 14:00:00,37.966248
2026-02-21 13:00:00,36.137943
2026-02-21 12:00:00,35.919853
2026-02-21 11:00:00,43.503658
2026-02-21 10:00:00,48.634285
2026-02-21 09:00:00,49.223263
2026-02-21 08:00:00,55.607708
2026-02-21 07:00:00,58.187794
2026-02-21 06:00:00,59.524437
2026-02-21 05:00:00,55.185394
2026-02-21 04:00:00,48.567989
2026-02-21 03:00:00,37.321045
2026-02-21 02:00:00,44.135147
2026-02-21 01:00:00,40.711384
2026-02-21 00:00:00,40.778751
2026-02-20 23:00:00,48.709290
2026-02-20 22:00:00,45.175545
2026-02-20 21:00:00,41.426460
2026-02-20 20:00:00,32.207401
2026-02-20 19:00:00,19.776720
2026-02-20 18:00:00,13.076589
2026-02-20 17:00:00,8.789738
2026-02-20 16:00:00,6.381889
2026-02-20 15:00:00,4.507715
2026-02-20 14:00:00,2.946510
2026-02-20 13:00:00,2.371053
2026-02-20 12:00:00,1.752204
2026-02-20 11:00:00,2.801828
2026-02-20 10:00:00,2.496277
2026-02-20 09:00:00,2.488373
2026-02-20 08:00:00,3.286420
2026-02-20 07:00:00,2.105849
2026-02-20 06:00:00,3.541662
2026-02-20 05:00:00,11.217482
2026-02-20 04:00:00,22.421089
2026-02-20 03:00:00,33.986511
2026-02-20 02:00:00,50.045071
2026-02-20 01:00:00,59.458359
2026-02-20 00:00:00,69.457878
2026-02-19 23:00:00,73.760178
2026-02-19 22:00:00,75.302940
2026-02-19 21:00:00,76.128731
2026-02-19 20:00:00,76.230003
2026-02-19 19:00:00,76.230003
2026-02-19 18:00:00,76.230003
2026-02-19 17:00:00,76.209793
2026-02-19 16:00:00,76.230003
2026-02-19 15:00:00,76.230003
2026-02-19 14:00:00,76.196960
2026-02-19 13:00:00,74.967903
2026-02-19 12:00:00,72.223419
2026-02-19 11:00:00,70.981216
2026-02-19 10:00:00,67.159454
2026-02-19 09:00:00,63.047207
2026-02-19 08:00:00,60.966255
2026-02-19 07:00:00,55.323921
2026-02-19 06:00:00,59.552624
2026-02-19 05:00:00,60.358185
2026-02-19 04:00:00,63.639790
2026-02-19 03:00:00,64.295433
2026-02-19 02:00:00,70.137718
2026-02-19 01:00:00,74.005486
2026-02-19 00:00:00,74.089958
2026-02-18 23:00:00,75.486458
2026-02-18 22:00:00,75.250717
2026-02-18 21:00:00,75.141205
2026-02-18 20:00:00,75.041389
2026-02-18 19:00:00,75.098358
2026-02-18 18:00:00,74.882706
2026-02-18 17:00:00,74.061249
2026-02-18 16:00:00,73.700188
2026-02-18 15:00:00,72.458420
2026-02-18 14:00:00,71.545227
2026-02-18 13:00:00,71.495995
2026-02-18 12:00:00,70.370621
2026-02-18 11:00:00,68.195061
2026-02-18 10:00:00,65.424431
2026-02-18 09:00:00,60.880737
2026-02-18 08:00:00,64.425896
2026-02-18 07:00:00,62.299706
2026-02-18 06:00:00,61.801979
2026-02-18 05:00:00,65.328896
2026-02-18 04:00:00,66.748222
2026-02-18 03:00:00,67.522469
2026-02-18 02:00:00,68.302757
2026-02-18 01:00:00,68.172615
2026-02-18 00:00:00,67.962059
2026-02-17 23:00:00,67.865845
2026-02-17 22:00:00,64.673126
2026-02-17 21:00:00,62.617916
2026-02-17 20:00:00,52.837925
2026-02-17 19:00:00,48.698467
2026-02-17 18:00:00,44.175434
2026-02-17 17:00:00,38.103100
2026-02-17 16:00:00,33.661739
2026-02-17 15:00:00,30.329313
2026-02-17 14:00:00,25.411835
2026-02-17 13:00:00,20.616444
2026-02-17 12:00:00,15.740026
2026-02-17 11:00:00,11.510061
2026-02-17 10:00:00,8.502173
2026-02-17 09:00:00,6.082635
2026-02-17 08:00:00,5.269033
2026-02-17 07:00:00,4.126392
2026-02-17 06:00:00,2.120822
2026-02-17 05:00:00,1.318119
2026-02-17 04:00:00,1.339965
2026-02-17 03:00:00,1.585338
2026-02-17 02:00:00,3.137701
2026-02-17 01:00:00,6.531317
2026-02-17 00:00:00,10.669850
2026-02-16 23:00:00,15.101340
2026-02-16 22:00:00,22.721674
2026-02-16 21:00:00,31.225584
2026-02-16 20:00:00,40.289902
2026-02-16 19:00:00,49.013828
2026-02-16 18:00:00,59.572010
2026-02-16 17:00:00,65.611298
2026-02-16 16:00:00,72.040924
2026-02-16 15:00:00,74.320007
2026-02-16 14:00:00,75.319344
2026-02-16 13:00:00,75.726967
2026-02-16 12:00:00,76.126358
2026-02-16 11:00:00,76.230003
2026-02-16 10:00:00,76.230003
2026-02-16 09:00:00,76.230003
2026-02-16 08:00:00,76.230003
2026-02-16 07:00:00,76.228615
2026-02-16 06:00:00,71.616859
2026-02-16 05:00:00,75.983231
2026-02-16 04:00:00,75.501915
2026-02-16 03:00:00,76.230003
2026-02-16 02:00:00,76.230003
2026-02-16 01:00:00,76.230003
2026-02-16 00:00:00,76.230003
2026-02-15 23:00:00,75.208908
2026-02-15 22:00:00,73.924164
2026-02-15 21:00:00,68.268562
2026-02-15 20:00:00,48.577465
2026-02-15 19:00:00,34.138870
2026-02-15 18:00:00,17.990379
2026-02-15 17:00:00,7.928815
2026-02-15 16:00:00,4.108015
2026-02-15 15:00:00,2.306842
2026-02-15 14:00:00,2.777849
2026-02-15 13:00:00,4.001468
2026-02-15 12:00:00,12.002267
2026-02-15 11:00:00,16.017872
2026-02-15 10:00:00,18.274221
2026-02-15 09:00:00,23.479292
2026-02-15 08:00:00,27.116253
2026-02-15 07:00:00,29.579409
2026-02-15 06:00:00,32.322578
2026-02-15 05:00:00,35.672916
2026-02-15 04:00:00,36.740631
2026-02-15 03:00:00,41.456657
2026-02-15 02:00:00,48.530666
2026-02-15 01:00:00,50.964790
2026-02-15 00:00:00,54.812347
2026-02-14 23:00:00,61.156055
2026-02-14 22:00:00,63.023659
2026-02-14 21:00:00,64.858002
2026-02-14 20:00:00,61.806698
2026-02-14 19:00:00,63.251820
2026-02-14 18:00:00,66.357460
2026-02-14 17:00:00,67.923958
2026-02-14 16:00:00,70.460114
2026-02-14 15:00:00,73.589569
2026-02-14 14:00:00,67.787216
2026-02-14 13:00:00,62.412853
2026-02-14 12:00:00,54.947735
2026-02-14 11:00:00,62.293819
2026-02-14 10:00:00,66.145485
2026-02-14 09:00:00,69.519730
2026-02-14 08:00:00,73.411049
2026-02-14 07:00:00,74.946358
2026-02-14 06:00:00,75.386269
2026-02-14 05:00:00,74.794357
2026-02-14 04:00:00,74.010612
2026-02-14 03:00:00,71.645287
2026-02-14 02:00:00,69.807846
2026-02-14 01:00:00,66.427048
2026-02-14 00:00:00,66.522644
2026-02-13 23:00:00,66.579857
2026-02-13 22:00:00,66.501259
2026-02-13 21:00:00,64.533768
2026-02-13 20:00:00,62.968704
2026-02-13 19:00:00,60.269268
2026-02-13 18:00:00,55.732159
2026-02-13 17:00:00,51.126465
2026-02-13 16:00:00,46.622238
2026-02-13 15:00:00,47.025116
2026-02-13 14:00:00,52.149120
2026-02-13 13:00:00,61.333279
2026-02-13 12:00:00,65.297401
2026-02-13 11:00:00,67.501152
2026-02-13 10:00:00,69.868484
2026-02-13 09:00:00,72.254616
2026-02-13 08:00:00,73.401794
2026-02-13 07:00:00,74.507530
2026-02-13 06:00:00,74.067429
2026-02-13 05:00:00,70.240311
2026-02-13 04:00:00,72.474876
2026-02-13 03:00:00,72.130737
2026-02-13 02:00:00,69.367874
2026-02-13 01:00:00,71.857712
2026-02-13 00:00:00,71.588936
2026-02-12 23:00:00,73.142998
2026-02-12 22:00:00,71.248932
2026-02-12 21:00:00,70.498482
2026-02-12 20:00:00,72.190582
2026-02-12 19:00:00,71.178123
2026-02-12 18:00:00,66.269997
2026-02-12 17:00:00,60.016911
2026-02-12 16:00:00,49.211014
2026-02-12 15:00:00,43.534973
2026-02-12 14:00:00,41.205620
2026-02-12 13:00:00,42.992432
2026-02-12 12:00:00,44.440632
2026-02-12 11:00:00,43.864719
2026-02-12 10:00:00,41.658043
2026-02-12 09:00:00,33.700119
2026-02-12 08:00:00,27.955349
2026-02-12 07:00:00,25.236671
2026-02-12 06:00:00,21.828560
2026-02-12 05:00:00,18.937893
2026-02-12 04:00:00,16.075150
2026-02-12 03:00:00,13.317796
2026-02-12 02:00:00,14.343249
2026-02-12 01:00:00,16.147816
2026-02-12 00:00:00,18.298958
2026-02-11 23:00:00,14.663929
2026-02-11 22:00:00,14.745439
2026-02-11 21:00:00,16.478939
2026-02-11 20:00:00,20.558554
2026-02-11 19:00:00,20.192259
2026-02-11 18:00:00,18.779800
2026-02-11 17:00:00,18.727077
2026-02-11 16:00:00,16.105429
2026-02-11 15:00:00,14.563188
2026-02-11 14:00:00,17.103464
2026-02-11 13:00:00,20.766735
2026-02-11 12:00:00,26.732214
2026-02-11 11:00:00,42.687061
2026-02-11 10:00:00,50.543365
2026-02-11 09:00:00,50.886608
2026-02-11 08:00:00,54.092468
2026-02-11 07:00:00,56.090099
2026-02-11 06:00:00,54.949192
2026-02-11 05:00:00,53.863464
2026-02-11 04:00:00,51.236034
2026-02-11 03:00:00,48.443718
2026-02-11 02:00:00,38.361721
2026-02-11 01:00:00,30.888071
2026-02-11 00:00:00,23.108946
2026-02-10 23:00:00,16.264475
2026-02-10 22:00:00,8.602934
2026-02-10 21:00:00,4.513395
2026-02-10 20:00:00,2.985390
2026-02-10 19:00:00,2.203251
2026-02-10 18:00:00,1.373892
2026-02-10 17:00:00,0.684776
2026-02-10 15:00:00,1.945520
2026-02-10 14:00:00,2.439811
2026-02-10 13:00:00,2.468996
2026-02-10 12:00:00,2.708183
2026-02-10 11:00:00,2.776733
2026-02-10 10:00:00,2.705659
2026-02-10 09:00:00,2.594573
2026-02-10 08:00:00,2.494456
2026-02-10 07:00:00,2.245764
2026-02-10 06:00:00,1.860991
2026-02-10 05:00:00,1.660887
2026-02-10 04:00:00,1.312875
2026-02-10 03:00:00,1.702357
2026-02-10 02:00:00,1.610535
2026-02-10 01:00:00,2.593094
2026-02-10 00:00:00,5.683147
2026-02-09 23:00:00,9.618587
2026-02-09 22:00:00,12.376568
2026-02-09 21:00:00,17.151438
2026-02-09 20:00:00,24.293970
2026-02-09 19:00:00,33.488598
2026-02-09 18:00:00,41.419460
2026-02-09 17:00:00,44.206944
2026-02-09 16:00:00,49.816879
2026-02-09 15:00:00,46.429752
2026-02-09 14:00:00,45.190807
2026-02-09 13:00:00,44.427414
2026-02-09 12:00:00,41.798317
2026-02-09 11:00:00,43.903275
2026-02-09 10:00:00,42.297585
2026-02-09 09:00:00,40.661930
2026-02-09 08:00:00,43.528484
2026-02-09 07:00:00,43.808029
2026-02-09 06:00:00,45.932201
2026-02-09 05:00:00,43.128036
2026-02-09 04:00:00,38.790520
2026-02-09 03:00:00,39.721661
2026-02-09 02:00:00,36.667164
2026-02-09 01:00:00,35.623718
2026-02-09 00:00:00,37.452785
2026-02-08 23:00:00,37.089272
2026-02-08 22:00:00,39.081505
2026-02-08 21:00:00,40.954857
2026-02-08 20:00:00,41.328926
2026-02-08 19:00:00,43.643700
2026-02-08 18:00:00,49.421627
2026-02-08 17:00:00,55.532162
2026-02-08 16:00:00,58.448631
2026-02-08 15:00:00,59.711250
2026-02-08 14:00:00,58.032700
2026-02-08 13:00:00,48.189461
2026-02-08 12:00:00,38.564594
2026-02-08 11:00:00,25.632750
2026-02-08 10:00:00,19.721878
2026-02-08 09:00:00,12.401995
2026-02-08 08:00:00,8.044609
2026-02-08 07:00:00,7.214024
2026-02-08 06:00:00,6.879240
2026-02-08 05:00:00,6.583745
2026-02-08 04:00:00,5.936192
2026-02-08 03:00:00,6.699456
2026-02-08 02:00:00,10.549379
2026-02-08 01:00:00,15.583629
2026-02-08 00:00:00,18.620991
2026-02-07 23:00:00,22.463243
2026-02-07 22:00:00,25.853024
2026-02-07 21:00:00,26.726171
2026-02-07 20:00:00,30.503029
2026-02-07 19:00:00,34.007183
2026-02-07 18:00:00,30.246086
2026-02-07 17:00:00,27.333603
2026-02-07 16:00:00,23.445627
2026-02-07 15:00:00,21.226103
2026-02-07 14:00:00,23.458004
2026-02-07 13:00:00,25.237902
2026-02-07 12:00:00,30.591917
2026-02-07 11:00:00,34.009968
2026-02-07 10:00:00,40.145630
2026-02-07 09:00:00,44.508316
2026-02-07 08:00:00,56.613911
2026-02-07 07:00:00,58.974743
2026-02-07 06:00:00,61.206806
2026-02-07 05:00:00,63.468937
2026-02-07 04:00:00,66.726974
2026-02-07 03:00:00,68.243423
2026-02-07 02:00:00,70.005928
2026-02-07 01:00:00,70.204063
2026-02-07 00:00:00,71.713196
2026-02-06 23:00:00,71.498009
2026-02-06 22:00:00,71.744003
2026-02-06 21:00:00,72.020103
2026-02-06 20:00:00,72.263931
2026-02-06 19:00:00,72.251930
2026-02-06 18:00:00,71.968239
2026-02-06 17:00:00,71.704582
2026-02-06 16:00:00,71.373734
2026-02-06 15:00:00,71.052528
2026-02-06 14:00:00,71.877899
2026-02-06 13:00:00,72.069412
2026-02-06 12:00:00,72.912201
2026-02-06 11:00:00,73.075020
2026-02-06 10:00:00,73.033577
2026-02-06 09:00:00,72.367477
2026-02-06 08:00:00,72.203972
2026-02-06 07:00:00,71.879593
2026-02-06 06:00:00,71.986053
2026-02-06 05:00:00,71.865715
2026-02-06 04:00:00,71.323517
2026-02-06 03:00:00,71.271805
2026-02-06 02:00:00,70.683052
2026-02-06 01:00:00,69.689766
2026-02-06 00:00:00,69.275612
2026-02-05 23:00:00,70.078499
2026-02-05 22:00:00,69.381714
2026-02-05 21:00:00,68.799263
2026-02-05 20:00:00,69.073906
2026-02-05 19:00:00,69.001335
2026-02-05 18:00:00,68.186584
2026-02-05 17:00:00,66.197151
2026-02-05 16:00:00,65.335968
2026-02-05 15:00:00,59.408894
2026-02-05 14:00:00,52.162601
2026-02-05 13:00:00,50.301399
2026-02-05 12:00:00,48.009098
2026-02-05 11:00:00,53.639629
2026-02-05 10:00:00,54.492256
2026-02-05 09:00:00,54.132641
2026-02-05 08:00:00,55.462170
2026-02-05 07:00:00,54.014141
2026-02-05 06:00:00,54.057297
2026-02-05 05:00:00,51.666351
2026-02-05 04:00:00,52.041637
2026-02-05 03:00:00,51.406395
2026-02-05 02:00:00,51.426273
2026-02-05 01:00:00,46.868042
2026-02-05 00:00:00,42.426201
2026-02-04 23:00:00,38.977299
2026-02-04 22:00:00,38.144661
2026-02-04 21:00:00,32.386768
2026-02-04 20:00:00,27.932205
2026-02-04 19:00:00,22.005432
2026-02-04 18:00:00,13.861618
2026-02-04 17:00:00,11.393041
2026-02-04 16:00:00,6.559321
2026-02-04 15:00:00,4.102851
2026-02-04 14:00:00,3.109537
2026-02-04 13:00:00,3.102642
2026-02-04 11:00:00,3.317885
2026-02-04 10:00:00,3.434593
2026-02-04 09:00:00,3.503309
2026-02-04 08:00:00,3.311210
2026-02-04 07:00:00,3.333269
2026-02-04 06:00:00,3.151242
2026-02-04 05:00:00,2.897484
2026-02-04 04:00:00,2.128911
2026-02-04 03:00:00,2.124506
2026-02-04 02:00:00,1.364122
2026-02-04 01:00:00,1.042768
2026-02-04 00:00:00,1.248908
2026-02-03 23:00:00,1.368796
2026-02-03 22:00:00,1.675102
2026-02-03 21:00:00,2.077214
2026-02-03 20:00:00,3.572754
2026-02-03 19:00:00,5.655511
2026-02-03 18:00:00,6.869376
2026-02-03 17:00:00,7.887136
2026-02-03 16:00:00,8.132380
2026-02-03 15:00:00,9.602053
2026-02-03 14:00:00,11.620894
2026-02-03 13:00:00,14.378014
2026-02-03 12:00:00,16.994680
2026-02-03 11:00:00,23.664076
2026-02-03 10:00:00,30.452154
2026-02-03 09:00:00,36.915001
2026-02-03 08:00:00,40.199230
2026-02-03 07:00:00,40.298985
2026-02-03 06:00:00,42.613197
2026-02-03 05:00:00,51.030403
2026-02-03 04:00:00,51.840424
2026-02-03 03:00:00,56.300854
2026-02-03 02:00:00,58.125156
2026-02-03 01:00:00,60.143734
2026-02-03 00:00:00,62.767246
2026-02-02 23:00:00,61.924305
2026-02-02 22:00:00,64.665749
2026-02-02 21:00:00,66.856529
2026-02-02 20:00:00,67.197639
2026-02-02 19:00:00,66.715050
2026-02-02 18:00:00,68.316345
2026-02-02 17:00:00,67.054695
2026-02-02 16:00:00,66.331100
2026-02-02 15:00:00,65.787331
2026-02-02 14:00:00,62.741474
2026-02-02 13:00:00,63.651020
2026-02-02 12:00:00,61.563824
2026-02-02 11:00:00,58.795998
2026-02-02 10:00:00,56.776329
2026-02-02 09:00:00,53.820435
2026-02-02 08:00:00,46.141689
2026-02-02 07:00:00,47.064388
2026-02-02 06:00:00,41.443230
2026-02-02 05:00:00,36.561543
2026-02-02 04:00:00,30.534206
2026-02-02 03:00:00,22.904961
2026-02-02 02:00:00,16.480610
2026-02-02 01:00:00,10.847434
2026-02-02 00:00:00,7.581460
2026-02-01 23:00:00,6.247899
2026-02-01 22:00:00,5.024160
2026-02-01 21:00:00,5.458657
2026-02-01 20:00:00,6.421380
2026-02-01 19:00:00,8.090578
2026-02-01 18:00:00,6.866831
2026-02-01 17:00:00,7.425654
2026-02-01 16:00:00,7.860273
2026-02-01 15:00:00,10.206186
2026-02-01 14:00:00,11.640315
2026-02-01 13:00:00,13.147372
2026-02-01 12:00:00,12.410056
2026-02-01 11:00:00,12.349202
2026-02-01 10:00:00,13.604043
2026-02-01 09:00:00,13.217856
2026-02-01 08:00:00,12.700074
2026-02-01 07:00:00,10.880724
2026-02-01 06:00:00,12.206155
2026-02-01 05:00:00,15.465786
2026-02-01 04:00:00,17.983746
2026-02-01 03:00:00,24.148920
2026-02-01 02:00:00,34.293503
2026-02-01 01:00:00,39.209942
2026-02-01 00:00:00,45.008991
2026-01-31 23:00:00,61.040916
2026-01-31 22:00:00,69.238052
2026-01-31 21:00:00,68.517570
2026-01-31 20:00:00,72.676826
2026-01-31 19:00:00,75.061951
2026-01-31 18:00:00,75.072411
2026-01-31 17:00:00,76.115204
2026-01-31 16:00:00,76.697479
2026-01-31 15:00:00,74.684105
2026-01-31 14:00:00,74.041916
2026-01-31 13:00:00,69.930260
2026-01-31 12:00:00,73.992310
2026-01-31 11:00:00,69.804222
2026-01-31 10:00:00,70.631340
2026-01-31 09:00:00,64.135231
2026-01-31 08:00:00,64.448196
2026-01-31 07:00:00,63.957428
2026-01-31 06:00:00,65.531326
2026-01-31 05:00:00,67.509422
2026-01-31 04:00:00,67.363762
2026-01-31 03:00:00,67.955963
2026-01-31 02:00:00,66.528976
2026-01-31 01:00:00,63.393051
2026-01-31 00:00:00,64.177780
2026-01-30 23:00:00,64.571655
2026-01-30 22:00:00,63.199993
2026-01-30 21:00:00,63.401619
2026-01-30 20:00:00,66.729553
2026-01-30 19:00:00,64.788361
2026-01-30 18:00:00,62.251186
2026-01-30 17:00:00,58.998756
2026-01-30 16:00:00,56.950623
2026-01-30 15:00:00,59.894859
2026-01-30 14:00:00,60.302853
2026-01-30 13:00:00,64.001083
2026-01-30 12:00:00,62.816582
2026-01-30 11:00:00,63.894760
2026-01-30 10:00:00,62.266548
2026-01-30 09:00:00,58.260769
2026-01-30 08:00:00,58.169682
2026-01-30 07:00:00,61.170498
2026-01-30 06:00:00,60.341965
2026-01-30 05:00:00,60.991394
2026-01-30 04:00:00,59.875961
2026-01-30 03:00:00,58.478355
2026-01-30 02:00:00,61.841228
2026-01-30 01:00:00,63.765617
2026-01-30 00:00:00,65.880371
2026-01-29 23:00:00,69.888107
2026-01-29 22:00:00,71.180817
2026-01-29 21:00:00,66.841942
2026-01-29 20:00:00,65.356560
2026-01-29 19:00:00,64.345383
2026-01-29 18:00:00,60.307896
2026-01-29 17:00:00,45.970619
2026-01-29 16:00:00,36.169285
2026-01-29 15:00:00,25.255754
2026-01-29 14:00:00,18.493702
2026-01-29 13:00:00,14.863429
2026-01-29 12:00:00,13.709672
2026-01-29 11:00:00,12.693032
2026-01-29 10:00:00,12.031405
2026-01-29 09:00:00,13.439129
2026-01-29 08:00:00,15.603236
2026-01-29 07:00:00,19.304386
2026-01-29 06:00:00,22.957588
2026-01-29 05:00:00,31.175961
2026-01-29 04:00:00,36.522617
2026-01-29 03:00:00,38.018547
2026-01-29 02:00:00,41.087265
2026-01-29 01:00:00,44.713837
2026-01-29 00:00:00,48.147297
2026-01-28 23:00:00,56.873749
2026-01-28 22:00:00,59.878780
2026-01-28 21:00:00,60.713127
2026-01-28 20:00:00,58.940880
2026-01-28 19:00:00,59.052444
2026-01-28 18:00:00,57.427094
2026-01-28 17:00:00,52.204170
2026-01-28 16:00:00,47.262421
2026-01-28 15:00:00,44.459457
2026-01-28 14:00:00,48.563206
2026-01-28 13:00:00,44.667294
2026-01-28 12:00:00,46.826405
2026-01-28 11:00:00,50.619858
2026-01-28 10:00:00,50.529537
2026-01-28 09:00:00,47.837414
2026-01-28 08:00:00,50.741287
2026-01-28 07:00:00,52.332848
2026-01-28 06:00:00,53.179951
2026-01-28 05:00:00,54.026772
2026-01-28 04:00:00,53.651699
2026-01-28 03:00:00,52.397190
2026-01-28 02:00:00,53.544979
2026-01-28 01:00:00,51.430244
2026-01-28 00:00:00,49.105797
2026-01-27 23:00:00,52.079540
2026-01-27 22:00:00,56.751663
2026-01-27 21:00:00,59.383499
2026-01-27 20:00:00,65.784660
2026-01-27 19:00:00,66.522652
2026-01-27 18:00:00,70.487572
2026-01-27 17:00:00,70.646973
2026-01-27 16:00:00,70.272346
2026-01-27 15:00:00,71.260941
2026-01-27 14:00:00,69.715988
2026-01-27 13:00:00,69.602158
2026-01-27 12:00:00,71.550224
2026-01-27 11:00:00,76.663147
2026-01-27 10:00:00,76.400459
2026-01-27 09:00:00,75.742699
2026-01-27 08:00:00,76.779755
2026-01-27 07:00:00,76.725586
2026-01-27 06:00:00,76.191551
2026-01-27 05:00:00,76.537331
2026-01-27 04:00:00,77.367195
2026-01-27 03:00:00,77.668739
2026-01-27 02:00:00,77.375633
2026-01-27 01:00:00,75.607185
2026-01-27 00:00:00,75.251541
2026-01-26 23:00:00,78.121040
2026-01-26 22:00:00,78.525764
2026-01-26 21:00:00,78.975388
2026-01-26 20:00:00,78.712509
2026-01-26 19:00:00,78.363022
2026-01-26 18:00:00,77.703598
2026-01-26 17:00:00,75.763107
2026-01-26 16:00:00,73.563995
2026-01-26 15:00:00,69.203331
2026-01-26 14:00:00,66.546776
2026-01-26 13:00:00,63.759922
2026-01-26 12:00:00,61.919720
2026-01-26 11:00:00,60.648468
2026-01-26 10:00:00,58.381451
2026-01-26 09:00:00,58.215866
2026-01-26 08:00:00,58.461433
2026-01-26 07:00:00,55.359520
2026-01-26 06:00:00,51.228123
2026-01-26 05:00:00,46.909576
2026-01-26 04:00:00,44.106659
2026-01-26 03:00:00,39.208954
2026-01-26 02:00:00,38.452892
2026-01-26 01:00:00,33.895317
2026-01-26 00:00:00,29.641842
2026-01-25 23:00:00,27.866503
2026-01-25 22:00:00,24.406479
2026-01-25 21:00:00,21.969252
2026-01-25 20:00:00,22.858238
2026-01-25 19:00:00,21.335497
2026-01-25 18:00:00,18.725872
2026-01-25 17:00:00,15.319476
2026-01-25 16:00:00,13.899053
2026-01-25 15:00:00,10.930872
2026-01-25 14:00:00,6.968013
2026-01-25 13:00:00,7.412674
2026-01-25 12:00:00,8.551289
2026-01-25 11:00:00,7.879550
2026-01-25 10:00:00,9.508904
2026-01-25 09:00:00,10.880062
2026-01-25 08:00:00,13.364505
2026-01-25 07:00:00,18.397474
2026-01-25 06:00:00,19.198547
2026-01-25 05:00:00,19.822569
2026-01-25 04:00:00,20.997011
2026-01-25 03:00:00,22.742270
2026-01-25 02:00:00,25.557121
2026-01-25 01:00:00,26.708155
2026-01-25 00:00:00,28.848299
2026-01-24 23:00:00,33.536232
2026-01-24 22:00:00,36.168106
2026-01-24 21:00:00,39.311523
2026-01-24 20:00:00,46.847034
2026-01-24 19:00:00,48.085808
2026-01-24 18:00:00,49.189423
2026-01-24 17:00:00,51.995571
2026-01-24 16:00:00,51.747711
2026-01-24 15:00:00,47.920696
2026-01-24 14:00:00,53.015038
2026-01-24 13:00:00,52.090141
2026-01-24 12:00:00,51.593666
2026-01-24 11:00:00,52.718269
2026-01-24 10:00:00,52.927639
2026-01-24 09:00:00,53.885448
2026-01-24 08:00:00,54.882610
2026-01-24 07:00:00,57.180931
2026-01-24 06:00:00,57.164951
2026-01-24 05:00:00,58.351589
2026-01-24 04:00:00,58.080967
2026-01-24 03:00:00,57.691528
2026-01-24 02:00:00,58.791424
2026-01-24 01:00:00,60.189724
2026-01-24 00:00:00,60.839096
2026-01-23 23:00:00,63.250450
2026-01-23 22:00:00,61.806583
2026-01-23 21:00:00,61.026432
2026-01-23 20:00:00,62.507435
2026-01-23 19:00:00,62.307922
2026-01-23 18:00:00,61.149197
2026-01-23 17:00:00,62.669132
2026-01-23 16:00:00,61.406715
2026-01-23 15:00:00,58.040119
2026-01-23 14:00:00,57.561066
2026-01-23 13:00:00,56.665718
2026-01-23 12:00:00,56.938866
2026-01-23 11:00:00,59.248642
2026-01-23 10:00:00,60.325138
2026-01-23 09:00:00,60.160721
2026-01-23 08:00:00,61.677158
2026-01-23 07:00:00,66.078690
2026-01-23 06:00:00,67.240074
2026-01-23 05:00:00,67.505196
2026-01-23 04:00:00,68.535789
2026-01-23 03:00:00,68.870575
2026-01-23 02:00:00,68.806351
2026-01-23 01:00:00,66.704842
2026-01-23 00:00:00,66.866341
2026-01-22 23:00:00,65.328934
2026-01-22 22:00:00,62.520084
2026-01-22 21:00:00,55.823246
2026-01-22 20:00:00,56.077774
2026-01-22 19:00:00,48.612469
2026-01-22 18:00:00,45.510376
2026-01-22 17:00:00,45.112144
2026-01-22 16:00:00,36.887486
2026-01-22 15:00:00,30.850634
2026-01-22 14:00:00,27.081200
2026-01-22 13:00:00,21.116068
2026-01-22 12:00:00,16.282972
2026-01-22 11:00:00,13.323810
2026-01-22 10:00:00,16.884321
2026-01-22 09:00:00,17.853134
2026-01-22 08:00:00,18.216223
2026-01-22 07:00:00,13.437716
2026-01-22 06:00:00,4.532436
2026-01-22 05:00:00,3.153873
2026-01-22 04:00:00,1.960321
2026-01-22 03:00:00,1.391294
2026-01-22 02:00:00,3.779438
2026-01-22 01:00:00,5.375757
2026-01-22 00:00:00,10.407099
2026-01-21 23:00:00,19.720585
2026-01-21 22:00:00,37.661186
2026-01-21 21:00:00,37.767616
2026-01-21 20:00:00,45.738205
2026-01-21 19:00:00,55.973953
2026-01-21 18:00:00,57.269257
2026-01-21 17:00:00,58.916172
2026-01-21 16:00:00,58.538967
2026-01-21 15:00:00,57.078594
2026-01-21 14:00:00,53.800533
2026-01-21 13:00:00,42.146366
2026-01-21 12:00:00,38.049438
2026-01-21 11:00:00,37.547832
2026-01-21 10:00:00,30.951595
2026-01-21 09:00:00,25.269171
2026-01-21 08:00:00,22.399464
2026-01-21 07:00:00,18.944328
2026-01-21 06:00:00,16.353773
2026-01-21 05:00:00,10.655846
2026-01-21 04:00:00,7.909128
2026-01-21 03:00:00,6.256558
2026-01-21 02:00:00,6.371347
2026-01-21 01:00:00,5.386898
2026-01-21 00:00:00,4.878961
2026-01-20 23:00:00,3.563975
2026-01-20 22:00:00,3.710950
2026-01-20 21:00:00,4.006003
2026-01-20 20:00:00,7.780618
2026-01-20 19:00:00,8.385525
2026-01-20 18:00:00,9.096481
2026-01-20 17:00:00,9.841272
2026-01-20 16:00:00,9.304309
2026-01-20 15:00:00,8.393823
2026-01-20 14:00:00,7.845129
2026-01-20 13:00:00,4.806983
2026-01-20 12:00:00,5.652353
2026-01-20 11:00:00,6.256519
2026-01-20 10:00:00,2.776190
2026-01-20 09:00:00,2.197013
2026-01-20 08:00:00,1.262277
2026-01-20 07:00:00,0.038374
2026-01-20 06:00:00,0.225755
2026-01-20 05:00:00,1.493618
2026-01-20 04:00:00,3.859824
2026-01-20 03:00:00,7.320025
2026-01-20 02:00:00,10.178130
2026-01-20 01:00:00,14.221724
2026-01-20 00:00:00,19.661884
2026-01-19 23:00:00,23.654034
2026-01-19 22:00:00,28.707005
2026-01-19 21:00:00,32.785023
2026-01-19 20:00:00,38.435623
2026-01-19 19:00:00,44.473728
2026-01-19 18:00:00,45.975628
2026-01-19 17:00:00,50.087543
2026-01-19 16:00:00,50.020569
2026-01-19 15:00:00,49.417305
2026-01-19 14:00:00,53.710396
2026-01-19 13:00:00,54.612316
2026-01-19 12:00:00,55.403690
2026-01-19 11:00:00,59.092785
2026-01-19 10:00:00,62.358582
2026-01-19 09:00:00,64.363968
2026-01-19 08:00:00,65.529373
2026-01-19 07:00:00,66.979881
2026-01-19 06:00:00,68.201187
2026-01-19 05:00:00,68.519844
2026-01-19 04:00:00,69.659340
2026-01-19 03:00:00,70.698906
2026-01-19 02:00:00,72.347809
2026-01-19 01:00:00,74.012131
2026-01-19 00:00:00,74.170227
2026-01-18 23:00:00,74.209198
2026-01-18 22:00:00,74.753082
2026-01-18 21:00:00,73.951347
2026-01-18 20:00:00,74.849625
2026-01-18 19:00:00,75.062019
2026-01-18 18:00:00,74.453835
2026-01-18 17:00:00,74.458481
2026-01-18 16:00:00,73.946274
2026-01-18 15:00:00,72.512901
2026-01-18 14:00:00,70.683563
2026-01-18 13:00:00,69.587883
2026-01-18 12:00:00,68.182602
2026-01-18 11:00:00,67.774757
2026-01-18 10:00:00,67.994209
2026-01-18 09:00:00,67.278084
2026-01-18 08:00:00,69.221237
2026-01-18 07:00:00,69.419670
2026-01-18 06:00:00,69.314713
2026-01-18 05:00:00,69.486046
2026-01-18 04:00:00,68.214470
2026-01-18 03:00:00,67.262794
2026-01-18 02:00:00,67.716347
2026-01-18 01:00:00,67.715729
2026-01-18 00:00:00,67.727135
2026-01-17 23:00:00,69.308220
2026-01-17 22:00:00,71.459854
2026-01-17 21:00:00,71.882256
2026-01-17 20:00:00,72.831825
2026-01-17 19:00:00,73.027077
2026-01-17 18:00:00,72.901436
2026-01-17 17:00:00,72.727104
2026-01-17 16:00:00,72.020615
2026-01-17 15:00:00,69.239273
2026-01-17 14:00:00,69.644958
2026-01-17 13:00:00,69.098732
2026-01-17 12:00:00,67.714073
2026-01-17 11:00:00,66.360832
2026-01-17 10:00:00,66.073746
2026-01-17 09:00:00,67.189026
2026-01-17 08:00:00,68.053940
2026-01-17 07:00:00,68.202568
2026-01-17 06:00:00,66.938606
2026-01-17 05:00:00,67.107300
2026-01-17 04:00:00,67.328293
2026-01-17 03:00:00,66.182678
2026-01-17 02:00:00,65.576805
2026-01-17 01:00:00,64.538696
2026-01-17 00:00:00,63.459351
2026-01-16 23:00:00,64.010094
2026-01-16 22:00:00,65.167755
2026-01-16 21:00:00,66.194748
2026-01-16 20:00:00,67.160950
2026-01-16 19:00:00,67.295570
2026-01-16 18:00:00,63.985806
2026-01-16 17:00:00,61.633228
2026-01-16 16:00:00,58.292194
2026-01-16 15:00:00,58.344788
2026-01-16 14:00:00,61.201721
2026-01-16 13:00:00,63.632496
2026-01-16 12:00:00,67.250595
2026-01-16 11:00:00,68.056526
2026-01-16 10:00:00,64.261078
2026-01-16 09:00:00,63.526192
2026-01-16 08:00:00,65.063751
2026-01-16 07:00:00,57.570648
2026-01-16 06:00:00,53.578102
2026-01-16 05:00:00,51.773426
2026-01-16 04:00:00,44.643574
2026-01-16 03:00:00,35.720852
2026-01-16 02:00:00,26.958107
2026-01-16 01:00:00,18.436541
2026-01-16 00:00:00,8.153151
2026-01-15 23:00:00,5.834387
2026-01-15 22:00:00,3.418725
2026-01-15 21:00:00,3.093552
2026-01-15 20:00:00,2.403429
2026-01-15 19:00:00,2.593699
2026-01-15 18:00:00,4.946373
2026-01-15 17:00:00,4.962542
2026-01-15 16:00:00,6.066049
2026-01-15 15:00:00,7.125525
2026-01-15 14:00:00,7.209468
2026-01-15 13:00:00,10.765660
2026-01-15 12:00:00,13.987439
2026-01-15 11:00:00,21.251431
2026-01-15 10:00:00,32.165241
2026-01-15 09:00:00,41.174595
2026-01-15 08:00:00,41.268475
2026-01-15 07:00:00,40.611450
2026-01-15 06:00:00,43.460560
2026-01-15 05:00:00,47.960751
2026-01-15 04:00:00,41.681477
2026-01-15 03:00:00,30.244381
2026-01-15 02:00:00,23.306623
2026-01-15 01:00:00,13.441634
2026-01-15 00:00:00,6.076530
2026-01-14 23:00:00,1.137371
2026-01-14 22:00:00,1.320975
2026-01-14 21:00:00,1.005757
2026-01-14 20:00:00,0.874373
2026-01-14 19:00:00,1.114857
2026-01-14 18:00:00,1.987185
2026-01-14 17:00:00,2.870388
2026-01-14 16:00:00,5.839605
2026-01-14 15:00:00,7.500758
2026-01-14 14:00:00,10.846462
2026-01-14 13:00:00,15.722723
2026-01-14 12:00:00,13.677382
2026-01-14 11:00:00,11.906554
2026-01-14 10:00:00,13.287289
2026-01-14 09:00:00,11.162704
2026-01-14 08:00:00,6.288349
2026-01-14 07:00:00,4.024373
2026-01-14 06:00:00,4.009762
2026-01-14 05:00:00,2.890119
2026-01-14 04:00:00,1.473648
2026-01-14 03:00:00,0.409925
2026-01-14 02:00:00,0.203778
2026-01-14 01:00:00,0.599485
2026-01-14 00:00:00,2.234197
2026-01-13 23:00:00,4.020775
2026-01-13 22:00:00,5.956100
2026-01-13 21:00:00,9.169575
2026-01-13 20:00:00,9.925921
2026-01-13 19:00:00,9.936451
2026-01-13 18:00:00,8.414998
2026-01-13 17:00:00,8.170913
2026-01-13 16:00:00,6.935845
2026-01-13 15:00:00,6.553155
2026-01-13 14:00:00,6.763913
2026-01-13 13:00:00,6.533653
2026-01-13 12:00:00,5.932634
2026-01-13 11:00:00,8.347267
2026-01-13 10:00:00,8.461368
2026-01-13 09:00:00,9.420377
2026-01-13 08:00:00,13.549890
2026-01-13 07:00:00,11.356830
2026-01-13 06:00:00,13.255373
2026-01-13 05:00:00,13.807902
2026-01-13 04:00:00,12.949211
2026-01-13 03:00:00,16.621279
2026-01-13 02:00:00,18.664408
2026-01-13 01:00:00,17.167578
2026-01-13 00:00:00,17.613506
2026-01-12 23:00:00,18.608089
2026-01-12 22:00:00,19.953299
2026-01-12 21:00:00,19.048952
2026-01-12 20:00:00,18.881174
2026-01-12 19:00:00,17.476011
2026-01-12 18:00:00,14.147283
2026-01-12 17:00:00,12.070824
2026-01-12 16:00:00,12.019069
2026-01-12 15:00:00,12.019207
2026-01-12 14:00:00,11.951365
2026-01-12 13:00:00,12.086080
2026-01-12 12:00:00,13.000975
2026-01-12 11:00:00,11.206793
2026-01-12 10:00:00,8.282492
2026-01-12 09:00:00,5.800477
2026-01-12 08:00:00,5.658210
2026-01-12 07:00:00,7.203681
2026-01-12 06:00:00,7.121350
2026-01-12 05:00:00,4.896677
2026-01-12 04:00:00,5.023694
2026-01-12 03:00:00,5.666464
2026-01-12 02:00:00,6.482828
2026-01-12 01:00:00,9.725826
2026-01-12 00:00:00,13.458759
2026-01-11 23:00:00,17.106466
2026-01-11 22:00:00,28.124956
2026-01-11 21:00:00,46.854782
2026-01-11 20:00:00,56.683678
2026-01-11 19:00:00,66.075035
2026-01-11 18:00:00,73.946671
2026-01-11 17:00:00,75.842491
2026-01-11 16:00:00,77.289169
2026-01-11 15:00:00,75.622620
2026-01-11 14:00:00,75.440086
2026-01-11 13:00:00,76.183914
2026-01-11 12:00:00,75.754570
2026-01-11 11:00:00,76.893021
2026-01-11 10:00:00,77.201012
2026-01-11 09:00:00,75.778763
2026-01-11 08:00:00,72.365334
2026-01-11 07:00:00,72.615936
2026-01-11 06:00:00,73.468605
2026-01-11 05:00:00,70.255760
2026-01-11 04:00:00,66.017616
2026-01-11 03:00:00,68.569916
2026-01-11 02:00:00,70.227020
2026-01-11 01:00:00,68.366325
2026-01-11 00:00:00,69.722275
2026-01-10 23:00:00,71.091721
2026-01-10 22:00:00,72.575905
2026-01-10 21:00:00,72.496826
2026-01-10 20:00:00,71.681396
2026-01-10 19:00:00,69.479874
2026-01-10 18:00:00,57.612621
2026-01-10 17:00:00,44.626122
2026-01-10 16:00:00,49.837360
2026-01-10 15:00:00,35.335495
2026-01-10 14:00:00,33.874264
2026-01-10 13:00:00,33.427650
2026-01-10 12:00:00,31.793158
2026-01-10 11:00:00,32.300682
2026-01-10 10:00:00,33.103615
2026-01-10 09:00:00,31.274195
2026-01-10 08:00:00,26.081285
2026-01-10 07:00:00,25.313459
2026-01-10 06:00:00,20.865234
2026-01-10 05:00:00,13.854471
2026-01-10 04:00:00,10.662395
2026-01-10 03:00:00,5.897015
2026-01-10 02:00:00,4.094360
2026-01-10 01:00:00,4.528780
2026-01-10 00:00:00,9.918292
2026-01-09 23:00:00,20.039417
2026-01-09 22:00:00,27.572830
2026-01-09 21:00:00,35.023495
2026-01-09 20:00:00,41.917450
2026-01-09 19:00:00,47.060841
2026-01-09 18:00:00,51.848473
2026-01-09 17:00:00,57.058434
2026-01-09 16:00:00,61.771469
2026-01-09 15:00:00,62.984348
2026-01-09 14:00:00,64.258972
2026-01-09 13:00:00,63.520615
2026-01-09 12:00:00,62.334015
2026-01-09 11:00:00,59.737667
2026-01-09 10:00:00,61.604652
2026-01-09 09:00:00,62.464146
2026-01-09 08:00:00,67.575584
2026-01-09 07:00:00,67.465714
2026-01-09 06:00:00,68.861610
2026-01-09 05:00:00,58.484859
2026-01-09 04:00:00,67.549591
2026-01-09 03:00:00,68.509537
2026-01-09 02:00:00,68.844284
2026-01-09 01:00:00,69.308189
2026-01-09 00:00:00,70.597801
2026-01-08 23:00:00,71.625015
2026-01-08 22:00:00,72.246063
2026-01-08 21:00:00,73.531639
2026-01-08 20:00:00,73.926704
2026-01-08 19:00:00,74.162796
2026-01-08 18:00:00,74.501991
2026-01-08 17:00:00,72.888206
2026-01-08 16:00:00,71.342941
2026-01-08 15:00:00,66.531616
2026-01-08 14:00:00,63.226494
2026-01-08 13:00:00,54.334702
2026-01-08 12:00:00,54.696285
2026-01-08 11:00:00,58.834553
2026-01-08 10:00:00,54.315987
2026-01-08 09:00:00,57.258251
2026-01-08 08:00:00,57.745312
2026-01-08 07:00:00,62.645969
2026-01-08 06:00:00,63.880630
2026-01-08 05:00:00,66.973129
2026-01-08 04:00:00,67.928360
2026-01-08 03:00:00,67.866379
2026-01-08 02:00:00,71.626228
2026-01-08 01:00:00,69.146889
2026-01-08 00:00:00,63.354553
2026-01-07 23:00:00,62.682182
2026-01-07 22:00:00,63.492142
2026-01-07 21:00:00,60.975494
2026-01-07 20:00:00,58.622509
2026-01-07 19:00:00,49.924000
2026-01-07 18:00:00,39.058289
2026-01-07 17:00:00,26.107103
2026-01-07 16:00:00,15.176066
2026-01-07 15:00:00,6.793748
2026-01-07 14:00:00,4.890981
2026-01-07 13:00:00,4.436620
2026-01-07 12:00:00,8.761109
2026-01-07 11:00:00,14.604583
2026-01-07 10:00:00,16.829695
2026-01-07 09:00:00,18.050081
2026-01-07 08:00:00,20.582489
2026-01-07 07:00:00,21.596497
2026-01-07 06:00:00,21.051676
2026-01-07 05:00:00,23.573816
2026-01-07 04:00:00,24.782524
2026-01-07 03:00:00,26.562204
2026-01-07 02:00:00,32.332462
2026-01-07 01:00:00,38.374878
2026-01-07 00:00:00,38.904408
2026-01-06 23:00:00,39.145535
2026-01-06 22:00:00,42.751049
2026-01-06 21:00:00,41.947968
2026-01-06 20:00:00,46.340775
2026-01-06 19:00:00,47.821606
2026-01-06 18:00:00,44.410259
2026-01-06 17:00:00,39.491085
2026-01-06 16:00:00,37.148834
2026-01-06 15:00:00,33.183418
2026-01-06 14:00:00,33.354382
2026-01-06 13:00:00,34.520985
2026-01-06 12:00:00,39.026390
2026-01-06 11:00:00,46.050606
2026-01-06 10:00:00,47.599056
2026-01-06 09:00:00,50.786251
2026-01-06 08:00:00,58.872341
2026-01-06 07:00:00,55.857868
2026-01-06 06:00:00,60.066868
2026-01-06 05:00:00,63.076744
2026-01-06 04:00:00,64.294258
2026-01-06 03:00:00,64.585533
2026-01-06 02:00:00,66.700294
2026-01-06 01:00:00,63.841560
2026-01-06 00:00:00,61.656204
2026-01-05 23:00:00,57.996643
2026-01-05 22:00:00,53.503075
2026-01-05 21:00:00,47.173904
2026-01-05 20:00:00,39.230511
2026-01-05 19:00:00,31.754683
2026-01-05 18:00:00,24.769226
2026-01-05 17:00:00,20.845360
2026-01-05 16:00:00,12.212899
2026-01-05 15:00:00,6.372774
2026-01-05 14:00:00,5.969576
2026-01-05 13:00:00,5.614066
2026-01-05 12:00:00,5.088855
2026-01-05 11:00:00,9.224109
2026-01-05 10:00:00,12.832290
2026-01-05 09:00:00,20.165352
2026-01-05 08:00:00,31.427389
2026-01-05 07:00:00,48.187412
2026-01-05 06:00:00,66.143501
2026-01-05 05:00:00,74.181526
2026-01-05 04:00:00,77.705887
2026-01-05 03:00:00,78.552589
2026-01-05 02:00:00,79.540115
2026-01-05 01:00:00,79.695000
2026-01-05 00:00:00,79.695000
2026-01-04 23:00:00,79.695000
2026-01-04 22:00:00,79.572403
2026-01-04 21:00:00,77.928444
2026-01-04 20:00:00,76.527969
2026-01-04 19:00:00,75.659889
2026-01-04 18:00:00,69.322266
2026-01-04 17:00:00,58.722301
2026-01-04 16:00:00,41.200962
2026-01-04 15:00:00,24.703018
2026-01-04 14:00:00,20.543520
2026-01-04 13:00:00,8.659471
2026-01-04 12:00:00,3.493874
2026-01-04 11:00:00,1.659572
2026-01-04 10:00:00,0.192619
2026-01-04 09:00:00,0.812393
2026-01-04 08:00:00,5.343063
2026-01-04 07:00:00,8.604479
2026-01-04 06:00:00,13.073110
2026-01-04 05:00:00,25.671902
2026-01-04 04:00:00,47.362904
2026-01-04 03:00:00,68.807877
2026-01-04 02:00:00,73.807388
2026-01-04 01:00:00,77.891243
2026-01-04 00:00:00,78.307762
2026-01-03 23:00:00,78.436676
2026-01-03 22:00:00,78.272903
2026-01-03 21:00:00,78.495766
2026-01-03 20:00:00,78.246025
2026-01-03 19:00:00,77.538544
2026-01-03 18:00:00,75.943771
2026-01-03 17:00:00,76.095322
2026-01-03 16:00:00,75.408875
2026-01-03 15:00:00,74.980804
2026-01-03 14:00:00,74.905167
2026-01-03 13:00:00,74.862740
2026-01-03 12:00:00,74.383286
2026-01-03 11:00:00,76.018883
2026-01-03 10:00:00,76.155609
2026-01-03 09:00:00,75.620705
2026-01-03 08:00:00,74.981483
2026-01-03 07:00:00,74.571671
2026-01-03 06:00:00,73.510780
2026-01-03 05:00:00,74.143768
2026-01-03 04:00:00,73.250916
2026-01-03 03:00:00,73.793053
2026-01-03 02:00:00,74.992035
2026-01-03 01:00:00,74.425850
2026-01-03 00:00:00,72.471130
2026-01-02 23:00:00,75.397560
2026-01-02 22:00:00,76.550079
2026-01-02 21:00:00,76.509171
2026-01-02 20:00:00,75.875908
2026-01-02 19:00:00,75.245407
2026-01-02 18:00:00,74.530800
2026-01-02 17:00:00,73.981529
2026-01-02 16:00:00,73.573624
2026-01-02 15:00:00,73.963799
2026-01-02 14:00:00,73.267937
2026-01-02 13:00:00,68.938614
2026-01-02 12:00:00,68.939110
2026-01-02 11:00:00,72.402382
2026-01-02 10:00:00,71.822823
2026-01-02 09:00:00,70.147980
2026-01-02 08:00:00,67.994263
2026-01-02 07:00:00,66.155167
2026-01-02 06:00:00,56.180840
2026-01-02 05:00:00,38.279831
2026-01-02 04:00:00,23.770685
2026-01-02 03:00:00,16.465366
2026-01-02 02:00:00,13.640125
2026-01-02 01:00:00,10.208271
2026-01-02 00:00:00,10.920390
2026-01-01 23:00:00,11.547507
2026-01-01 22:00:00,11.506050
2026-01-01 21:00:00,12.706154
2026-01-01 20:00:00,14.018918
2026-01-01 19:00:00,15.170173
2026-01-01 18:00:00,14.337065
2026-01-01 17:00:00,13.755331
2026-01-01 16:00:00,10.777346
2026-01-01 15:00:00,10.549637
2026-01-01 14:00:00,10.746662
2026-01-01 13:00:00,11.147243
2026-01-01 12:00:00,12.439295
2026-01-01 11:00:00,13.523664
2026-01-01 10:00:00,14.502470
2026-01-01 09:00:00,16.392078
2026-01-01 08:00:00,17.649572
2026-01-01 07:00:00,21.646261
2026-01-01 06:00:00,27.163658
2026-01-01 05:00:00,33.672337
2026-01-01 04:00:00,40.278763
2026-01-01 03:00:00,44.796566
2026-01-01 02:00:00,48.012520
2026-01-01 01:00:00,43.347729
2026-01-01 00:00:00,42.355900
